"fly","total_activity","total_sleep","percent_sleep"
"Monitor36_Ch2",3991,4320,51.9793045361569
"Monitor36_Ch3",34572,5083,61.1599085549272
"Monitor36_Ch4",24122,5826,70.0998676452894
"Monitor36_Ch5",20461,6172,74.2630249067501
"Monitor36_Ch6",30482,3866,46.5166646612923
"Monitor36_Ch7",25031,4662,56.094332811936
"Monitor36_Ch8",16382,5320,64.0115509565636
"Monitor36_Ch9",19505,4752,57.1772349897726
"Monitor36_Ch10",29295,3529,42.4617976176152
"Monitor36_Ch11",22196,5904,71.0383828660811
"Monitor36_Ch12",40683,4056,48.8027914811695
"Monitor36_Ch13",21365,4611,55.4806882444952
"Monitor36_Ch14",17270,4100,49.3322103236674
"Monitor36_Ch15",31829,4765,57.3336541932379
"Monitor36_Ch16",28483,5780,69.5463843099507
"Monitor36_Ch17",39716,4619,55.5769462158585
"Monitor36_Ch18",13726,3898,46.9016965467453
"Monitor36_Ch19",39827,5010,60.2815545662375
"Monitor36_Ch20",15489,3804,45.770665383227
"Monitor36_Ch21",31101,3979,47.8763085067982
"Monitor36_Ch22",20381,4245,51.0768860546264
"Monitor36_Ch23",13864,6051,72.8071230898809
"Monitor36_Ch24",18706,4342,52.2440139574058
"Monitor36_Ch25",37340,3773,45.3976657441944
"Monitor36_Ch27",22993,4411,53.0742389604139
"Monitor36_Ch28",16639,3995,48.0688244495247
"Monitor36_Ch29",32516,4571,54.999398387679
"Monitor36_Ch30",2339,7868,94.6697148357598
"Monitor36_Ch31",33111,2802,33.7143544699795
"Monitor36_Ch32",36550,5223,62.8444230537841
"Monitor37_Ch2",3991,4320,51.9793045361569
"Monitor37_Ch3",29426,4110,49.4525327878715
"Monitor37_Ch4",6021,6517,78.4141499217904
"Monitor37_Ch5",9969,4848,58.3323306461316
"Monitor37_Ch6",4637,6899,83.0104680543858
"Monitor37_Ch7",17001,2903,34.9296113584406
"Monitor37_Ch8",6242,6159,74.1066057032848
"Monitor37_Ch9",15326,3409,41.0179280471664
"Monitor37_Ch10",15190,4708,56.6478161472747
"Monitor37_Ch11",42666,3996,48.0808566959451
"Monitor37_Ch12",13228,4759,57.2614607147154
"Monitor37_Ch13",40187,3301,39.7184454337625
"Monitor37_Ch14",40632,5619,67.6091926362652
"Monitor37_Ch15",2102,7251,87.2458187943689
"Monitor37_Ch16",43148,5344,64.3003248706533
"Monitor37_Ch17",43750,3484,41.9203465286969
"Monitor37_Ch18",36364,5513,66.3337745157021
"Monitor37_Ch19",9262,5425,65.2749368307063
"Monitor37_Ch20",31320,5794,69.7148357598364
"Monitor37_Ch21",39433,3610,43.4364095776682
"Monitor37_Ch22",35484,2803,33.7263867164
"Monitor37_Ch23",5295,6423,77.2831187582722
"Monitor37_Ch24",31851,5767,69.3899651064854
"Monitor37_Ch25",22232,3951,47.5394056070268
"Monitor37_Ch26",17914,4066,48.9231139453736
"Monitor37_Ch27",37704,3215,38.6836722416075
"Monitor37_Ch28",39735,5213,62.7241005895801
"Monitor37_Ch29",41787,2710,32.6073877993021
"Monitor37_Ch30",13391,4607,55.4325592588136
"Monitor37_Ch31",2663,6937,83.4676934183612
"Monitor37_Ch32",8362,4755,57.2133317290338
"Monitor38_Ch2",3991,4320,51.9793045361569
"Monitor38_Ch3",2516,7572,91.1081698953195
"Monitor38_Ch4",2866,7797,93.815425339911
"Monitor38_Ch5",5657,7728,92.9852003369029
"Monitor38_Ch6",10920,6088,73.2523162074359
"Monitor38_Ch7",5443,7167,86.2351100950548
"Monitor38_Ch8",8693,6640,79.8941162315004
"Monitor38_Ch9",5476,7770,93.49055468656
"Monitor38_Ch10",5707,7750,93.2499097581518
"Monitor38_Ch11",2984,7987,96.1015521597882
"Monitor38_Ch12",928,8183,98.4598724581879
"Monitor38_Ch13",10378,6827,82.1441463121165
"Monitor38_Ch14",2133,7870,94.6937793286006
"Monitor38_Ch15",4244,7661,92.1790398267356
"Monitor38_Ch16",2434,7750,93.2499097581518
"Monitor38_Ch17",1492,7961,95.7887137528577
"Monitor38_Ch18",2440,7679,92.395620262303
"Monitor38_Ch19",6494,7076,85.1401756707977
"Monitor38_Ch20",5312,7793,93.7672963542293
"Monitor38_Ch21",3352,7322,88.1001082902178
"Monitor38_Ch22",2268,7905,95.1149079533149
"Monitor38_Ch23",8487,6554,78.8593430393454
"Monitor38_Ch24",4296,7810,93.9718445433762
"Monitor38_Ch25",2356,7844,94.3809409216701
"Monitor38_Ch26",3715,7888,94.910359764168
"Monitor38_Ch27",6975,7739,93.1175550475274
"Monitor38_Ch28",4824,7604,91.4932017807725
"Monitor38_Ch29",8965,7112,85.5733365419324
"Monitor38_Ch30",4577,7866,94.645650342919
"Monitor38_Ch31",3758,7953,95.6924557814944
"Monitor39_Ch2",3991,4320,51.9793045361569
"Monitor39_Ch3",9626,6715,80.7965347130309
"Monitor39_Ch4",8482,6428,77.3432799903742
"Monitor39_Ch5",7534,6856,82.4930814583083
"Monitor39_Ch6",6164,7635,91.8662014198051
"Monitor39_Ch7",3131,7218,86.8487546624955
"Monitor39_Ch8",4046,7608,91.5413307664541
"Monitor39_Ch9",10046,5908,71.0865118517627
"Monitor39_Ch10",4760,7843,94.3689086752497
"Monitor39_Ch11",11351,6817,82.0238238479124
"Monitor39_Ch12",2996,7759,93.3581999759355
"Monitor39_Ch13",12744,7408,89.1348814823728
"Monitor39_Ch14",6010,7561,90.975815184695
"Monitor39_Ch15",7356,7787,93.6951028757069
"Monitor39_Ch16",5213,7462,89.7846227890747
"Monitor39_Ch17",9568,6448,77.5839249187823
"Monitor39_Ch18",2976,7412,89.1830104680544
"Monitor39_Ch19",5178,6354,76.4528937552641
"Monitor39_Ch20",1722,7954,95.7044880279148
"Monitor39_Ch21",11257,7439,89.5078811214054
"Monitor39_Ch22",2738,7655,92.1068463482132
"Monitor39_Ch23",5230,7812,93.9959090362171
"Monitor39_Ch24",7107,7487,90.0854289495849
"Monitor39_Ch25",6744,6828,82.1561785585369
"Monitor39_Ch26",2160,7541,90.7351702562868
"Monitor39_Ch27",16241,5329,64.1198411743472
"Monitor39_Ch28",4986,7117,85.6334977740344
"Monitor39_Ch29",9782,5948,71.567801708579
"Monitor39_Ch30",3058,7973,95.9331007099025
"Monitor39_Ch31",5146,7830,94.2124894717844
"Monitor39_Ch32",3360,8021,96.5106485380821
"Monitor40_Ch2",3991,4320,51.9793045361569
"Monitor40_Ch3",13887,7354,88.4851401756708
"Monitor40_Ch4",28495,5442,65.4794850198532
"Monitor40_Ch5",20555,3684,44.3267958127782
"Monitor40_Ch6",23536,5855,70.4488027914812
"Monitor40_Ch7",27512,5054,60.8109734087354
"Monitor40_Ch8",13010,5634,67.7896763325713
"Monitor40_Ch9",25406,5483,65.9728071230899
"Monitor40_Ch10",8117,6551,78.8232463000842
"Monitor40_Ch11",21354,5434,65.38322704849
"Monitor40_Ch12",23163,5590,67.2602574900734
"Monitor40_Ch13",25386,4262,51.2814342437733
"Monitor40_Ch14",8744,6543,78.726988328721
"Monitor40_Ch15",23714,4780,57.514137889544
"Monitor40_Ch16",5639,7284,87.6428829262423
"Monitor40_Ch17",25901,5133,61.7615208759475
"Monitor40_Ch18",33394,5499,66.1653230658164
"Monitor40_Ch19",13845,5893,70.9060281554566
"Monitor40_Ch20",24350,5230,62.928648778727
"Monitor40_Ch21",27441,5064,60.9312958729395
"Monitor40_Ch22",37958,5788,69.6426422813139
"Monitor40_Ch23",8881,6191,74.4916375887378
"Monitor40_Ch24",20472,3874,46.6129226326555
"Monitor40_Ch25",4388,7327,88.1602695223198
"Monitor40_Ch26",3076,7501,90.2538803994706
"Monitor40_Ch27",33020,5031,60.5342317410661
"Monitor40_Ch28",28029,4601,55.3603657802912
"Monitor40_Ch29",15590,5120,61.6051016724823
"Monitor40_Ch30",31717,4882,58.7414270244255
"Monitor40_Ch31",26311,5823,70.0637709060282
"Monitor40_Ch32",24887,5142,61.8698110937312
"Monitor41_Ch2",3991,4320,51.9793045361569
"Monitor41_Ch3",31878,3529,42.4617976176152
"Monitor41_Ch4",21656,3029,36.4456744074119
"Monitor41_Ch5",45299,4764,57.3216219468175
"Monitor41_Ch6",11650,5103,61.4005534833353
"Monitor41_Ch7",69910,5566,66.9714835759836
"Monitor41_Ch8",49289,3987,47.9725664781615
"Monitor41_Ch9",39331,5184,62.3751654433883
"Monitor41_Ch10",8278,7056,84.8995307423896
"Monitor41_Ch11",60466,4040,48.610275538443
"Monitor41_Ch12",25004,2354,28.3239080736373
"Monitor41_Ch13",48553,1954,23.5110095054747
"Monitor41_Ch14",34935,5418,65.1907111057634
"Monitor41_Ch15",48420,3571,42.9671519672723
"Monitor41_Ch16",17069,4051,48.7426302490675
"Monitor41_Ch17",11719,4457,53.6277222957526
"Monitor41_Ch18",26006,5835,70.208157863073
"Monitor41_Ch19",12365,4701,56.5635904223318
"Monitor41_Ch20",26418,2131,25.6407171218867
"Monitor41_Ch21",15616,3785,45.5420527012393
"Monitor41_Ch22",36579,4527,54.4699795451811
"Monitor41_Ch23",12831,4954,59.6077487666947
"Monitor41_Ch24",28397,5112,61.508843701119
"Monitor41_Ch25",43485,4699,56.539525929491
"Monitor41_Ch26",28211,5573,67.0557093009265
"Monitor41_Ch27",48448,4338,52.1958849717242
"Monitor41_Ch28",31902,4523,54.4218505594995
"Monitor41_Ch29",29984,2401,28.8894236553965
"Monitor41_Ch30",40316,4992,60.0649741306702
"Monitor41_Ch31",20990,2139,25.7369750932499
"Monitor41_Ch32",12067,6612,79.557213331729
