"Fly","Lab","User","Date","Experiment_name","Monitor_type","Monitor_number","Channel","Group","Tube_type","Incubator","Temperature","Treatment","Sex","Other","Alive","mortality_status","final_day_activity","total_experiment_activity","mortality_type","included_in_analysis"
"yjli_20230606_sleep_mutant_comparison_Monitor36_1","Sehgal","yjli",20230606,"sleep_mutant_comparison","MB","Monitor36","1_Monitor36","Male_CS","MB","Incubator1",25,"Control","Male","Wcs",NA,"alive",4478,15650,"alive",TRUE
"yjli_20230606_sleep_mutant_comparison_Monitor36_2","Sehgal","yjli",20230606,"sleep_mutant_comparison","MB","Monitor36","2_Monitor36","Male_CS","MB","Incubator1",25,"Control","Male","Wcs",NA,"alive",2586,9590,"alive",TRUE
"yjli_20230606_sleep_mutant_comparison_Monitor36_3","Sehgal","yjli",20230606,"sleep_mutant_comparison","MB","Monitor36","3_Monitor36","Male_CS","MB","Incubator1",25,"Control","Male","Wcs",NA,"alive",2712,10492,"alive",TRUE
"yjli_20230606_sleep_mutant_comparison_Monitor36_4","Sehgal","yjli",20230606,"sleep_mutant_comparison","MB","Monitor36","4_Monitor36","Male_CS","MB","Incubator1",25,"Control","Male","Wcs",NA,"alive",5488,17120,"alive",TRUE
"yjli_20230606_sleep_mutant_comparison_Monitor36_5","Sehgal","yjli",20230606,"sleep_mutant_comparison","MB","Monitor36","5_Monitor36","Male_CS","MB","Incubator1",25,"Control","Male","Wcs",NA,"alive",3319,11444,"alive",TRUE
"yjli_20230606_sleep_mutant_comparison_Monitor36_6","Sehgal","yjli",20230606,"sleep_mutant_comparison","MB","Monitor36","6_Monitor36","Male_CS","MB","Incubator1",25,"Control","Male","Wcs",NA,"alive",2052,8295,"alive",TRUE
"yjli_20230606_sleep_mutant_comparison_Monitor36_7","Sehgal","yjli",20230606,"sleep_mutant_comparison","MB","Monitor36","7_Monitor36","Male_CS","MB","Incubator1",25,"Control","Male","Wcs",NA,"alive",3054,10131,"alive",TRUE
"yjli_20230606_sleep_mutant_comparison_Monitor36_8","Sehgal","yjli",20230606,"sleep_mutant_comparison","MB","Monitor36","8_Monitor36","Male_CS","MB","Incubator1",25,"Control","Male","Wcs",NA,"alive",4832,16083,"alive",TRUE
"yjli_20230606_sleep_mutant_comparison_Monitor36_9","Sehgal","yjli",20230606,"sleep_mutant_comparison","MB","Monitor36","9_Monitor36","Male_CS","MB","Incubator1",25,"Control","Male","Wcs",NA,"alive",1756,11775,"alive",TRUE
"yjli_20230606_sleep_mutant_comparison_Monitor36_10","Sehgal","yjli",20230606,"sleep_mutant_comparison","MB","Monitor36","10_Monitor36","Male_CS","MB","Incubator1",25,"Control","Male","Wcs",NA,"alive",5022,18122,"alive",TRUE
"yjli_20230606_sleep_mutant_comparison_Monitor36_11","Sehgal","yjli",20230606,"sleep_mutant_comparison","MB","Monitor36","11_Monitor36","Male_CS","MB","Incubator1",25,"Control","Male","Wcs",NA,"alive",3031,11267,"alive",TRUE
"yjli_20230606_sleep_mutant_comparison_Monitor36_12","Sehgal","yjli",20230606,"sleep_mutant_comparison","MB","Monitor36","12_Monitor36","Male_CS","MB","Incubator1",25,"Control","Male","Wcs",NA,"alive",3050,9489,"alive",TRUE
"yjli_20230606_sleep_mutant_comparison_Monitor36_13","Sehgal","yjli",20230606,"sleep_mutant_comparison","MB","Monitor36","13_Monitor36","Male_CS","MB","Incubator1",25,"Control","Male","Wcs",NA,"alive",3789,13855,"alive",TRUE
"yjli_20230606_sleep_mutant_comparison_Monitor36_14","Sehgal","yjli",20230606,"sleep_mutant_comparison","MB","Monitor36","14_Monitor36","Male_CS","MB","Incubator1",25,"Control","Male","Wcs",NA,"alive",3840,13378,"alive",TRUE
"yjli_20230606_sleep_mutant_comparison_Monitor36_15","Sehgal","yjli",20230606,"sleep_mutant_comparison","MB","Monitor36","15_Monitor36","Male_CS","MB","Incubator1",25,"Control","Male","Wcs",NA,"alive",4332,17482,"alive",TRUE
"yjli_20230606_sleep_mutant_comparison_Monitor36_16","Sehgal","yjli",20230606,"sleep_mutant_comparison","MB","Monitor36","16_Monitor36","Male_CS","MB","Incubator1",25,"Control","Male","Wcs",NA,"alive",1783,5874,"alive",TRUE
"yjli_20230606_sleep_mutant_comparison_Monitor36_17","Sehgal","yjli",20230606,"sleep_mutant_comparison","MB","Monitor36","17_Monitor36","Male_CS","MB","Incubator1",25,"Control","Male","Wcs",NA,"alive",4712,18063,"alive",TRUE
"yjli_20230606_sleep_mutant_comparison_Monitor36_18","Sehgal","yjli",20230606,"sleep_mutant_comparison","MB","Monitor36","18_Monitor36","Male_CS","MB","Incubator1",25,"Control","Male","Wcs",NA,"alive",2589,8008,"alive",TRUE
"yjli_20230606_sleep_mutant_comparison_Monitor36_19","Sehgal","yjli",20230606,"sleep_mutant_comparison","MB","Monitor36","19_Monitor36","Male_CS","MB","Incubator1",25,"Control","Male","Wcs",NA,"alive",5668,17270,"alive",TRUE
"yjli_20230606_sleep_mutant_comparison_Monitor36_20","Sehgal","yjli",20230606,"sleep_mutant_comparison","MB","Monitor36","20_Monitor36","Male_CS","MB","Incubator1",25,"Control","Male","Wcs",NA,"alive",2946,10624,"alive",TRUE
"yjli_20230606_sleep_mutant_comparison_Monitor36_21","Sehgal","yjli",20230606,"sleep_mutant_comparison","MB","Monitor36","21_Monitor36","Male_CS","MB","Incubator1",25,"Control","Male","Wcs",NA,"alive",1748,6104,"alive",TRUE
"yjli_20230606_sleep_mutant_comparison_Monitor36_22","Sehgal","yjli",20230606,"sleep_mutant_comparison","MB","Monitor36","22_Monitor36","Male_CS","MB","Incubator1",25,"Control","Male","Wcs",NA,"alive",2750,8782,"alive",TRUE
"yjli_20230606_sleep_mutant_comparison_Monitor36_23","Sehgal","yjli",20230606,"sleep_mutant_comparison","MB","Monitor36","23_Monitor36","Male_CS","MB","Incubator1",25,"Control","Male","Wcs",NA,"alive",7098,21112,"alive",TRUE
"yjli_20230606_sleep_mutant_comparison_Monitor36_24","Sehgal","yjli",20230606,"sleep_mutant_comparison","MB","Monitor36","24_Monitor36","Male_CS","MB","Incubator1",25,"Control","Male","Wcs",NA,"dead",0,0,"completely_inactive",FALSE
"yjli_20230606_sleep_mutant_comparison_Monitor36_25","Sehgal","yjli",20230606,"sleep_mutant_comparison","MB","Monitor36","25_Monitor36","Male_CS","MB","Incubator1",25,"Control","Male","Wcs",NA,"alive",2524,9328,"alive",TRUE
"yjli_20230606_sleep_mutant_comparison_Monitor36_26","Sehgal","yjli",20230606,"sleep_mutant_comparison","MB","Monitor36","26_Monitor36","Male_CS","MB","Incubator1",25,"Control","Male","Wcs",NA,"alive",3542,8006,"alive",TRUE
"yjli_20230606_sleep_mutant_comparison_Monitor36_27","Sehgal","yjli",20230606,"sleep_mutant_comparison","MB","Monitor36","27_Monitor36","Male_CS","MB","Incubator1",25,"Control","Male","Wcs",NA,"alive",4656,13884,"alive",TRUE
"yjli_20230606_sleep_mutant_comparison_Monitor36_28","Sehgal","yjli",20230606,"sleep_mutant_comparison","MB","Monitor36","28_Monitor36","Male_CS","MB","Incubator1",25,"Control","Male","Wcs",NA,"dead",0,19,"final_day_inactive",FALSE
"yjli_20230606_sleep_mutant_comparison_Monitor36_29","Sehgal","yjli",20230606,"sleep_mutant_comparison","MB","Monitor36","29_Monitor36","Male_CS","MB","Incubator1",25,"Control","Male","Wcs",NA,"alive",4574,15366,"alive",TRUE
"yjli_20230606_sleep_mutant_comparison_Monitor36_30","Sehgal","yjli",20230606,"sleep_mutant_comparison","MB","Monitor36","30_Monitor36","Male_CS","MB","Incubator1",25,"Control","Male","Wcs",NA,"alive",5796,18514,"alive",TRUE
"yjli_20230606_sleep_mutant_comparison_Monitor36_31","Sehgal","yjli",20230606,"sleep_mutant_comparison","MB","Monitor36","31_Monitor36","Male_CS","MB","Incubator1",25,"Control","Male","Wcs",NA,"alive",4507,15927,"alive",TRUE
"yjli_20230606_sleep_mutant_comparison_Monitor36_32","Sehgal","yjli",20230606,"sleep_mutant_comparison","MB","Monitor36","32_Monitor36","Male_CS","MB","Incubator1",25,"Control","Male","Wcs",NA,"alive",2580,8627,"alive",TRUE
"yjli_20230606_sleep_mutant_comparison_Monitor37_1","Sehgal","yjli",20230606,"sleep_mutant_comparison","MB","Monitor37","1_Monitor37","Female_CS","MB","Incubator1",25,"Control","Female","Wcs",NA,"alive",5016,16066,"alive",TRUE
"yjli_20230606_sleep_mutant_comparison_Monitor37_2","Sehgal","yjli",20230606,"sleep_mutant_comparison","MB","Monitor37","2_Monitor37","Female_CS","MB","Incubator1",25,"Control","Female","Wcs",NA,"alive",558,2986,"alive",TRUE
"yjli_20230606_sleep_mutant_comparison_Monitor37_3","Sehgal","yjli",20230606,"sleep_mutant_comparison","MB","Monitor37","3_Monitor37","Female_CS","MB","Incubator1",25,"Control","Female","Wcs",NA,"alive",1812,5900,"alive",TRUE
"yjli_20230606_sleep_mutant_comparison_Monitor37_4","Sehgal","yjli",20230606,"sleep_mutant_comparison","MB","Monitor37","4_Monitor37","Female_CS","MB","Incubator1",25,"Control","Female","Wcs",NA,"alive",406,1821,"alive",TRUE
"yjli_20230606_sleep_mutant_comparison_Monitor37_5","Sehgal","yjli",20230606,"sleep_mutant_comparison","MB","Monitor37","5_Monitor37","Female_CS","MB","Incubator1",25,"Control","Female","Wcs",NA,"alive",3458,9482,"alive",TRUE
"yjli_20230606_sleep_mutant_comparison_Monitor37_6","Sehgal","yjli",20230606,"sleep_mutant_comparison","MB","Monitor37","6_Monitor37","Female_CS","MB","Incubator1",25,"Control","Female","Wcs",NA,"alive",1092,3754,"alive",TRUE
"yjli_20230606_sleep_mutant_comparison_Monitor37_7","Sehgal","yjli",20230606,"sleep_mutant_comparison","MB","Monitor37","7_Monitor37","Female_CS","MB","Incubator1",25,"Control","Female","Wcs",NA,"alive",2765,9165,"alive",TRUE
"yjli_20230606_sleep_mutant_comparison_Monitor37_8","Sehgal","yjli",20230606,"sleep_mutant_comparison","MB","Monitor37","8_Monitor37","Female_CS","MB","Incubator1",25,"Control","Female","Wcs",NA,"alive",2039,7796,"alive",TRUE
"yjli_20230606_sleep_mutant_comparison_Monitor37_9","Sehgal","yjli",20230606,"sleep_mutant_comparison","MB","Monitor37","9_Monitor37","Female_CS","MB","Incubator1",25,"Control","Female","Wcs",NA,"alive",6278,21268,"alive",TRUE
"yjli_20230606_sleep_mutant_comparison_Monitor37_10","Sehgal","yjli",20230606,"sleep_mutant_comparison","MB","Monitor37","10_Monitor37","Female_CS","MB","Incubator1",25,"Control","Female","Wcs",NA,"alive",2326,6702,"alive",TRUE
"yjli_20230606_sleep_mutant_comparison_Monitor37_11","Sehgal","yjli",20230606,"sleep_mutant_comparison","MB","Monitor37","11_Monitor37","Female_CS","MB","Incubator1",25,"Control","Female","Wcs",NA,"alive",5568,20802,"alive",TRUE
"yjli_20230606_sleep_mutant_comparison_Monitor37_12","Sehgal","yjli",20230606,"sleep_mutant_comparison","MB","Monitor37","12_Monitor37","Female_CS","MB","Incubator1",25,"Control","Female","Wcs",NA,"alive",5612,20298,"alive",TRUE
"yjli_20230606_sleep_mutant_comparison_Monitor37_13","Sehgal","yjli",20230606,"sleep_mutant_comparison","MB","Monitor37","13_Monitor37","Female_CS","MB","Incubator1",25,"Control","Female","Wcs",NA,"alive",260,1068,"alive",TRUE
"yjli_20230606_sleep_mutant_comparison_Monitor37_14","Sehgal","yjli",20230606,"sleep_mutant_comparison","MB","Monitor37","14_Monitor37","Female_CS","MB","Incubator1",25,"Control","Female","Wcs",NA,"alive",7529,24907,"alive",TRUE
"yjli_20230606_sleep_mutant_comparison_Monitor37_15","Sehgal","yjli",20230606,"sleep_mutant_comparison","MB","Monitor37","15_Monitor37","Female_CS","MB","Incubator1",25,"Control","Female","Wcs",NA,"alive",6682,23028,"alive",TRUE
"yjli_20230606_sleep_mutant_comparison_Monitor37_16","Sehgal","yjli",20230606,"sleep_mutant_comparison","MB","Monitor37","16_Monitor37","Female_CS","MB","Incubator1",25,"Control","Female","Wcs",NA,"alive",6038,18166,"alive",TRUE
"yjli_20230606_sleep_mutant_comparison_Monitor37_17","Sehgal","yjli",20230606,"sleep_mutant_comparison","MB","Monitor37","17_Monitor37","Female_CS","MB","Incubator1",25,"Control","Female","Wcs",NA,"alive",1300,4388,"alive",TRUE
"yjli_20230606_sleep_mutant_comparison_Monitor37_18","Sehgal","yjli",20230606,"sleep_mutant_comparison","MB","Monitor37","18_Monitor37","Female_CS","MB","Incubator1",25,"Control","Female","Wcs",NA,"alive",5293,16217,"alive",TRUE
"yjli_20230606_sleep_mutant_comparison_Monitor37_19","Sehgal","yjli",20230606,"sleep_mutant_comparison","MB","Monitor37","19_Monitor37","Female_CS","MB","Incubator1",25,"Control","Female","Wcs",NA,"alive",4669,18735,"alive",TRUE
"yjli_20230606_sleep_mutant_comparison_Monitor37_20","Sehgal","yjli",20230606,"sleep_mutant_comparison","MB","Monitor37","20_Monitor37","Female_CS","MB","Incubator1",25,"Control","Female","Wcs",NA,"alive",5775,18520,"alive",TRUE
"yjli_20230606_sleep_mutant_comparison_Monitor37_21","Sehgal","yjli",20230606,"sleep_mutant_comparison","MB","Monitor37","21_Monitor37","Female_CS","MB","Incubator1",25,"Control","Female","Wcs",NA,"alive",828,2848,"alive",TRUE
"yjli_20230606_sleep_mutant_comparison_Monitor37_22","Sehgal","yjli",20230606,"sleep_mutant_comparison","MB","Monitor37","22_Monitor37","Female_CS","MB","Incubator1",25,"Control","Female","Wcs",NA,"alive",5492,17867,"alive",TRUE
"yjli_20230606_sleep_mutant_comparison_Monitor37_23","Sehgal","yjli",20230606,"sleep_mutant_comparison","MB","Monitor37","23_Monitor37","Female_CS","MB","Incubator1",25,"Control","Female","Wcs",NA,"alive",4290,13300,"alive",TRUE
"yjli_20230606_sleep_mutant_comparison_Monitor37_24","Sehgal","yjli",20230606,"sleep_mutant_comparison","MB","Monitor37","24_Monitor37","Female_CS","MB","Incubator1",25,"Control","Female","Wcs",NA,"alive",2964,10016,"alive",TRUE
"yjli_20230606_sleep_mutant_comparison_Monitor37_25","Sehgal","yjli",20230606,"sleep_mutant_comparison","MB","Monitor37","25_Monitor37","Female_CS","MB","Incubator1",25,"Control","Female","Wcs",NA,"alive",5322,19124,"alive",TRUE
"yjli_20230606_sleep_mutant_comparison_Monitor37_26","Sehgal","yjli",20230606,"sleep_mutant_comparison","MB","Monitor37","26_Monitor37","Female_CS","MB","Incubator1",25,"Control","Female","Wcs",NA,"alive",7970,22076,"alive",TRUE
"yjli_20230606_sleep_mutant_comparison_Monitor37_27","Sehgal","yjli",20230606,"sleep_mutant_comparison","MB","Monitor37","27_Monitor37","Female_CS","MB","Incubator1",25,"Control","Female","Wcs",NA,"alive",5930,19617,"alive",TRUE
"yjli_20230606_sleep_mutant_comparison_Monitor37_28","Sehgal","yjli",20230606,"sleep_mutant_comparison","MB","Monitor37","28_Monitor37","Female_CS","MB","Incubator1",25,"Control","Female","Wcs",NA,"alive",2108,6602,"alive",TRUE
"yjli_20230606_sleep_mutant_comparison_Monitor37_29","Sehgal","yjli",20230606,"sleep_mutant_comparison","MB","Monitor37","29_Monitor37","Female_CS","MB","Incubator1",25,"Control","Female","Wcs",NA,"alive",814,2040,"alive",TRUE
"yjli_20230606_sleep_mutant_comparison_Monitor37_30","Sehgal","yjli",20230606,"sleep_mutant_comparison","MB","Monitor37","30_Monitor37","Female_CS","MB","Incubator1",25,"Control","Female","Wcs",NA,"alive",1350,4626,"alive",TRUE
"yjli_20230606_sleep_mutant_comparison_Monitor37_31","Sehgal","yjli",20230606,"sleep_mutant_comparison","MB","Monitor37","31_Monitor37","Female_CS","MB","Incubator1",25,"Control","Female","Wcs",NA,"alive",3251,11927,"alive",TRUE
"yjli_20230606_sleep_mutant_comparison_Monitor37_32","Sehgal","yjli",20230606,"sleep_mutant_comparison","MB","Monitor37","32_Monitor37","Female_CS","MB","Incubator1",25,"Control","Female","Wcs",NA,"alive",7535,22253,"alive",TRUE
"yjli_20230606_sleep_mutant_comparison_Monitor38_1","Sehgal","yjli",20230606,"sleep_mutant_comparison","MB","Monitor38","1_Monitor38","Male_Gaboxdol","MB","Incubator1",25,"Gaboxdol","Male","Wcs",NA,"dead",0,102,"final_day_inactive",FALSE
"yjli_20230606_sleep_mutant_comparison_Monitor38_2","Sehgal","yjli",20230606,"sleep_mutant_comparison","MB","Monitor38","2_Monitor38","Male_Gaboxdol","MB","Incubator1",25,"Gaboxdol","Male","Wcs",NA,"alive",140,432,"alive",TRUE
"yjli_20230606_sleep_mutant_comparison_Monitor38_3","Sehgal","yjli",20230606,"sleep_mutant_comparison","MB","Monitor38","3_Monitor38","Male_Gaboxdol","MB","Incubator1",25,"Gaboxdol","Male","Wcs",NA,"alive",254,1817,"alive",TRUE
"yjli_20230606_sleep_mutant_comparison_Monitor38_4","Sehgal","yjli",20230606,"sleep_mutant_comparison","MB","Monitor38","4_Monitor38","Male_Gaboxdol","MB","Incubator1",25,"Gaboxdol","Male","Wcs",NA,"alive",894,3332,"alive",TRUE
"yjli_20230606_sleep_mutant_comparison_Monitor38_5","Sehgal","yjli",20230606,"sleep_mutant_comparison","MB","Monitor38","5_Monitor38","Male_Gaboxdol","MB","Incubator1",25,"Gaboxdol","Male","Wcs",NA,"alive",508,1962,"alive",TRUE
"yjli_20230606_sleep_mutant_comparison_Monitor38_6","Sehgal","yjli",20230606,"sleep_mutant_comparison","MB","Monitor38","6_Monitor38","Male_Gaboxdol","MB","Incubator1",25,"Gaboxdol","Male","Wcs",NA,"alive",562,3724,"alive",TRUE
"yjli_20230606_sleep_mutant_comparison_Monitor38_7","Sehgal","yjli",20230606,"sleep_mutant_comparison","MB","Monitor38","7_Monitor38","Male_Gaboxdol","MB","Incubator1",25,"Gaboxdol","Male","Wcs",NA,"alive",100,1772,"alive",TRUE
"yjli_20230606_sleep_mutant_comparison_Monitor38_8","Sehgal","yjli",20230606,"sleep_mutant_comparison","MB","Monitor38","8_Monitor38","Male_Gaboxdol","MB","Incubator1",25,"Gaboxdol","Male","Wcs",NA,"alive",70,1515,"alive",TRUE
"yjli_20230606_sleep_mutant_comparison_Monitor38_9","Sehgal","yjli",20230606,"sleep_mutant_comparison","MB","Monitor38","9_Monitor38","Male_Gaboxdol","MB","Incubator1",25,"Gaboxdol","Male","Wcs",NA,"alive",28,546,"alive",TRUE
"yjli_20230606_sleep_mutant_comparison_Monitor38_10","Sehgal","yjli",20230606,"sleep_mutant_comparison","MB","Monitor38","10_Monitor38","Male_Gaboxdol","MB","Incubator1",25,"Gaboxdol","Male","Wcs",NA,"dead",0,263,"final_day_inactive",FALSE
"yjli_20230606_sleep_mutant_comparison_Monitor38_11","Sehgal","yjli",20230606,"sleep_mutant_comparison","MB","Monitor38","11_Monitor38","Male_Gaboxdol","MB","Incubator1",25,"Gaboxdol","Male","Wcs",NA,"alive",932,3843,"alive",TRUE
"yjli_20230606_sleep_mutant_comparison_Monitor38_12","Sehgal","yjli",20230606,"sleep_mutant_comparison","MB","Monitor38","12_Monitor38","Male_Gaboxdol","MB","Incubator1",25,"Gaboxdol","Male","Wcs",NA,"alive",186,416,"alive",TRUE
"yjli_20230606_sleep_mutant_comparison_Monitor38_13","Sehgal","yjli",20230606,"sleep_mutant_comparison","MB","Monitor38","13_Monitor38","Male_Gaboxdol","MB","Incubator1",25,"Gaboxdol","Male","Wcs",NA,"dead",0,576,"final_day_inactive",FALSE
"yjli_20230606_sleep_mutant_comparison_Monitor38_14","Sehgal","yjli",20230606,"sleep_mutant_comparison","MB","Monitor38","14_Monitor38","Male_Gaboxdol","MB","Incubator1",25,"Gaboxdol","Male","Wcs",NA,"alive",260,644,"alive",TRUE
"yjli_20230606_sleep_mutant_comparison_Monitor38_15","Sehgal","yjli",20230606,"sleep_mutant_comparison","MB","Monitor38","15_Monitor38","Male_Gaboxdol","MB","Incubator1",25,"Gaboxdol","Male","Wcs",NA,"alive",54,341,"alive",TRUE
"yjli_20230606_sleep_mutant_comparison_Monitor38_16","Sehgal","yjli",20230606,"sleep_mutant_comparison","MB","Monitor38","16_Monitor38","Male_Gaboxdol","MB","Incubator1",25,"Gaboxdol","Male","Wcs",NA,"alive",351,987,"alive",TRUE
"yjli_20230606_sleep_mutant_comparison_Monitor38_17","Sehgal","yjli",20230606,"sleep_mutant_comparison","MB","Monitor38","17_Monitor38","Male_Gaboxdol","MB","Incubator1",25,"Gaboxdol","Male","Wcs",NA,"alive",906,3459,"alive",TRUE
"yjli_20230606_sleep_mutant_comparison_Monitor38_18","Sehgal","yjli",20230606,"sleep_mutant_comparison","MB","Monitor38","18_Monitor38","Male_Gaboxdol","MB","Incubator1",25,"Gaboxdol","Male","Wcs",NA,"alive",208,1720,"alive",TRUE
"yjli_20230606_sleep_mutant_comparison_Monitor38_19","Sehgal","yjli",20230606,"sleep_mutant_comparison","MB","Monitor38","19_Monitor38","Male_Gaboxdol","MB","Incubator1",25,"Gaboxdol","Male","Wcs",NA,"alive",354,1659,"alive",TRUE
"yjli_20230606_sleep_mutant_comparison_Monitor38_20","Sehgal","yjli",20230606,"sleep_mutant_comparison","MB","Monitor38","20_Monitor38","Male_Gaboxdol","MB","Incubator1",25,"Gaboxdol","Male","Wcs",NA,"alive",196,577,"alive",TRUE
"yjli_20230606_sleep_mutant_comparison_Monitor38_21","Sehgal","yjli",20230606,"sleep_mutant_comparison","MB","Monitor38","21_Monitor38","Male_Gaboxdol","MB","Incubator1",25,"Gaboxdol","Male","Wcs",NA,"alive",1882,4516,"alive",TRUE
"yjli_20230606_sleep_mutant_comparison_Monitor38_22","Sehgal","yjli",20230606,"sleep_mutant_comparison","MB","Monitor38","22_Monitor38","Male_Gaboxdol","MB","Incubator1",25,"Gaboxdol","Male","Wcs",NA,"alive",188,1667,"alive",TRUE
"yjli_20230606_sleep_mutant_comparison_Monitor38_23","Sehgal","yjli",20230606,"sleep_mutant_comparison","MB","Monitor38","23_Monitor38","Male_Gaboxdol","MB","Incubator1",25,"Gaboxdol","Male","Wcs",NA,"alive",108,964,"alive",TRUE
"yjli_20230606_sleep_mutant_comparison_Monitor38_24","Sehgal","yjli",20230606,"sleep_mutant_comparison","MB","Monitor38","24_Monitor38","Male_Gaboxdol","MB","Incubator1",25,"Gaboxdol","Male","Wcs",NA,"alive",20,130,"alive",TRUE
"yjli_20230606_sleep_mutant_comparison_Monitor38_25","Sehgal","yjli",20230606,"sleep_mutant_comparison","MB","Monitor38","25_Monitor38","Male_Gaboxdol","MB","Incubator1",25,"Gaboxdol","Male","Wcs",NA,"dead",0,1622,"final_day_inactive",FALSE
"yjli_20230606_sleep_mutant_comparison_Monitor38_26","Sehgal","yjli",20230606,"sleep_mutant_comparison","MB","Monitor38","26_Monitor38","Male_Gaboxdol","MB","Incubator1",25,"Gaboxdol","Male","Wcs",NA,"alive",1657,2297,"alive",TRUE
"yjli_20230606_sleep_mutant_comparison_Monitor38_27","Sehgal","yjli",20230606,"sleep_mutant_comparison","MB","Monitor38","27_Monitor38","Male_Gaboxdol","MB","Incubator1",25,"Gaboxdol","Male","Wcs",NA,"alive",511,3185,"alive",TRUE
"yjli_20230606_sleep_mutant_comparison_Monitor38_28","Sehgal","yjli",20230606,"sleep_mutant_comparison","MB","Monitor38","28_Monitor38","Male_Gaboxdol","MB","Incubator1",25,"Gaboxdol","Male","Wcs",NA,"alive",102,1266,"alive",TRUE
"yjli_20230606_sleep_mutant_comparison_Monitor38_29","Sehgal","yjli",20230606,"sleep_mutant_comparison","MB","Monitor38","29_Monitor38","Male_Gaboxdol","MB","Incubator1",25,"Gaboxdol","Male","Wcs",NA,"dead",0,322,"final_day_inactive",FALSE
"yjli_20230606_sleep_mutant_comparison_Monitor38_30","Sehgal","yjli",20230606,"sleep_mutant_comparison","MB","Monitor38","30_Monitor38","Male_Gaboxdol","MB","Incubator1",25,"Gaboxdol","Male","Wcs",NA,"dead",0,0,"completely_inactive",FALSE
"yjli_20230606_sleep_mutant_comparison_Monitor38_31","Sehgal","yjli",20230606,"sleep_mutant_comparison","MB","Monitor38","31_Monitor38","Male_Gaboxdol","MB","Incubator1",25,"Gaboxdol","Male","Wcs",NA,"alive",382,2424,"alive",TRUE
"yjli_20230606_sleep_mutant_comparison_Monitor38_32","Sehgal","yjli",20230606,"sleep_mutant_comparison","MB","Monitor38","32_Monitor38","Male_Gaboxdol","MB","Incubator1",25,"Gaboxdol","Male","Wcs",NA,"dead",0,0,"completely_inactive",FALSE
"yjli_20230606_sleep_mutant_comparison_Monitor39_1","Sehgal","yjli",20230606,"sleep_mutant_comparison","MB","Monitor39","1_Monitor39","Female_Gaboxdol","MB","Incubator1",25,"Gaboxdol","Female","Wcs",NA,"alive",849,4922,"alive",TRUE
"yjli_20230606_sleep_mutant_comparison_Monitor39_2","Sehgal","yjli",20230606,"sleep_mutant_comparison","MB","Monitor39","2_Monitor39","Female_Gaboxdol","MB","Incubator1",25,"Gaboxdol","Female","Wcs",NA,"alive",886,3873,"alive",TRUE
"yjli_20230606_sleep_mutant_comparison_Monitor39_3","Sehgal","yjli",20230606,"sleep_mutant_comparison","MB","Monitor39","3_Monitor39","Female_Gaboxdol","MB","Incubator1",25,"Gaboxdol","Female","Wcs",NA,"alive",836,4162,"alive",TRUE
"yjli_20230606_sleep_mutant_comparison_Monitor39_4","Sehgal","yjli",20230606,"sleep_mutant_comparison","MB","Monitor39","4_Monitor39","Female_Gaboxdol","MB","Incubator1",25,"Gaboxdol","Female","Wcs",NA,"alive",406,2398,"alive",TRUE
"yjli_20230606_sleep_mutant_comparison_Monitor39_5","Sehgal","yjli",20230606,"sleep_mutant_comparison","MB","Monitor39","5_Monitor39","Female_Gaboxdol","MB","Incubator1",25,"Gaboxdol","Female","Wcs",NA,"alive",466,1678,"alive",TRUE
"yjli_20230606_sleep_mutant_comparison_Monitor39_6","Sehgal","yjli",20230606,"sleep_mutant_comparison","MB","Monitor39","6_Monitor39","Female_Gaboxdol","MB","Incubator1",25,"Gaboxdol","Female","Wcs",NA,"alive",291,976,"alive",TRUE
"yjli_20230606_sleep_mutant_comparison_Monitor39_7","Sehgal","yjli",20230606,"sleep_mutant_comparison","MB","Monitor39","7_Monitor39","Female_Gaboxdol","MB","Incubator1",25,"Gaboxdol","Female","Wcs",NA,"alive",862,6171,"alive",TRUE
"yjli_20230606_sleep_mutant_comparison_Monitor39_8","Sehgal","yjli",20230606,"sleep_mutant_comparison","MB","Monitor39","8_Monitor39","Female_Gaboxdol","MB","Incubator1",25,"Gaboxdol","Female","Wcs",NA,"alive",568,1286,"alive",TRUE
"yjli_20230606_sleep_mutant_comparison_Monitor39_9","Sehgal","yjli",20230606,"sleep_mutant_comparison","MB","Monitor39","9_Monitor39","Female_Gaboxdol","MB","Incubator1",25,"Gaboxdol","Female","Wcs",NA,"alive",604,3478,"alive",TRUE
"yjli_20230606_sleep_mutant_comparison_Monitor39_10","Sehgal","yjli",20230606,"sleep_mutant_comparison","MB","Monitor39","10_Monitor39","Female_Gaboxdol","MB","Incubator1",25,"Gaboxdol","Female","Wcs",NA,"alive",186,1113,"alive",TRUE
"yjli_20230606_sleep_mutant_comparison_Monitor39_11","Sehgal","yjli",20230606,"sleep_mutant_comparison","MB","Monitor39","11_Monitor39","Female_Gaboxdol","MB","Incubator1",25,"Gaboxdol","Female","Wcs",NA,"alive",672,6668,"alive",TRUE
"yjli_20230606_sleep_mutant_comparison_Monitor39_12","Sehgal","yjli",20230606,"sleep_mutant_comparison","MB","Monitor39","12_Monitor39","Female_Gaboxdol","MB","Incubator1",25,"Gaboxdol","Female","Wcs",NA,"alive",231,4302,"alive",TRUE
"yjli_20230606_sleep_mutant_comparison_Monitor39_13","Sehgal","yjli",20230606,"sleep_mutant_comparison","MB","Monitor39","13_Monitor39","Female_Gaboxdol","MB","Incubator1",25,"Gaboxdol","Female","Wcs",NA,"alive",158,2636,"alive",TRUE
"yjli_20230606_sleep_mutant_comparison_Monitor39_14","Sehgal","yjli",20230606,"sleep_mutant_comparison","MB","Monitor39","14_Monitor39","Female_Gaboxdol","MB","Incubator1",25,"Gaboxdol","Female","Wcs",NA,"alive",678,1194,"alive",TRUE
"yjli_20230606_sleep_mutant_comparison_Monitor39_15","Sehgal","yjli",20230606,"sleep_mutant_comparison","MB","Monitor39","15_Monitor39","Female_Gaboxdol","MB","Incubator1",25,"Gaboxdol","Female","Wcs",NA,"alive",1004,3984,"alive",TRUE
"yjli_20230606_sleep_mutant_comparison_Monitor39_16","Sehgal","yjli",20230606,"sleep_mutant_comparison","MB","Monitor39","16_Monitor39","Female_Gaboxdol","MB","Incubator1",25,"Gaboxdol","Female","Wcs",NA,"alive",274,780,"alive",TRUE
"yjli_20230606_sleep_mutant_comparison_Monitor39_17","Sehgal","yjli",20230606,"sleep_mutant_comparison","MB","Monitor39","17_Monitor39","Female_Gaboxdol","MB","Incubator1",25,"Gaboxdol","Female","Wcs",NA,"alive",508,2012,"alive",TRUE
"yjli_20230606_sleep_mutant_comparison_Monitor39_18","Sehgal","yjli",20230606,"sleep_mutant_comparison","MB","Monitor39","18_Monitor39","Female_Gaboxdol","MB","Incubator1",25,"Gaboxdol","Female","Wcs",NA,"alive",130,411,"alive",TRUE
"yjli_20230606_sleep_mutant_comparison_Monitor39_19","Sehgal","yjli",20230606,"sleep_mutant_comparison","MB","Monitor39","19_Monitor39","Female_Gaboxdol","MB","Incubator1",25,"Gaboxdol","Female","Wcs",NA,"alive",112,4368,"alive",TRUE
"yjli_20230606_sleep_mutant_comparison_Monitor39_20","Sehgal","yjli",20230606,"sleep_mutant_comparison","MB","Monitor39","20_Monitor39","Female_Gaboxdol","MB","Incubator1",25,"Gaboxdol","Female","Wcs",NA,"alive",635,1067,"alive",TRUE
"yjli_20230606_sleep_mutant_comparison_Monitor39_21","Sehgal","yjli",20230606,"sleep_mutant_comparison","MB","Monitor39","21_Monitor39","Female_Gaboxdol","MB","Incubator1",25,"Gaboxdol","Female","Wcs",NA,"alive",178,1396,"alive",TRUE
"yjli_20230606_sleep_mutant_comparison_Monitor39_22","Sehgal","yjli",20230606,"sleep_mutant_comparison","MB","Monitor39","22_Monitor39","Female_Gaboxdol","MB","Incubator1",25,"Gaboxdol","Female","Wcs",NA,"alive",170,2321,"alive",TRUE
"yjli_20230606_sleep_mutant_comparison_Monitor39_23","Sehgal","yjli",20230606,"sleep_mutant_comparison","MB","Monitor39","23_Monitor39","Female_Gaboxdol","MB","Incubator1",25,"Gaboxdol","Female","Wcs",NA,"alive",407,2009,"alive",TRUE
"yjli_20230606_sleep_mutant_comparison_Monitor39_24","Sehgal","yjli",20230606,"sleep_mutant_comparison","MB","Monitor39","24_Monitor39","Female_Gaboxdol","MB","Incubator1",25,"Gaboxdol","Female","Wcs",NA,"alive",328,781,"alive",TRUE
"yjli_20230606_sleep_mutant_comparison_Monitor39_25","Sehgal","yjli",20230606,"sleep_mutant_comparison","MB","Monitor39","25_Monitor39","Female_Gaboxdol","MB","Incubator1",25,"Gaboxdol","Female","Wcs",NA,"alive",2239,8225,"alive",TRUE
"yjli_20230606_sleep_mutant_comparison_Monitor39_26","Sehgal","yjli",20230606,"sleep_mutant_comparison","MB","Monitor39","26_Monitor39","Female_Gaboxdol","MB","Incubator1",25,"Gaboxdol","Female","Wcs",NA,"alive",688,1466,"alive",TRUE
"yjli_20230606_sleep_mutant_comparison_Monitor39_27","Sehgal","yjli",20230606,"sleep_mutant_comparison","MB","Monitor39","27_Monitor39","Female_Gaboxdol","MB","Incubator1",25,"Gaboxdol","Female","Wcs",NA,"alive",944,4239,"alive",TRUE
"yjli_20230606_sleep_mutant_comparison_Monitor39_28","Sehgal","yjli",20230606,"sleep_mutant_comparison","MB","Monitor39","28_Monitor39","Female_Gaboxdol","MB","Incubator1",25,"Gaboxdol","Female","Wcs",NA,"alive",168,1432,"alive",TRUE
"yjli_20230606_sleep_mutant_comparison_Monitor39_29","Sehgal","yjli",20230606,"sleep_mutant_comparison","MB","Monitor39","29_Monitor39","Female_Gaboxdol","MB","Incubator1",25,"Gaboxdol","Female","Wcs",NA,"alive",276,1056,"alive",TRUE
"yjli_20230606_sleep_mutant_comparison_Monitor39_30","Sehgal","yjli",20230606,"sleep_mutant_comparison","MB","Monitor39","30_Monitor39","Female_Gaboxdol","MB","Incubator1",25,"Gaboxdol","Female","Wcs",NA,"alive",378,463,"alive",TRUE
"yjli_20230606_sleep_mutant_comparison_Monitor39_31","Sehgal","yjli",20230606,"sleep_mutant_comparison","MB","Monitor39","31_Monitor39","Female_Gaboxdol","MB","Incubator1",25,"Gaboxdol","Female","Wcs",NA,"alive",709,2564,"alive",TRUE
"yjli_20230606_sleep_mutant_comparison_Monitor39_32","Sehgal","yjli",20230606,"sleep_mutant_comparison","MB","Monitor39","32_Monitor39","Female_Gaboxdol","MB","Incubator1",25,"Gaboxdol","Female","Wcs",NA,"alive",104,2874,"alive",TRUE
"yjli_20230606_sleep_mutant_comparison_Monitor40_1","Sehgal","yjli",20230606,"sleep_mutant_comparison","MB","Monitor40","1_Monitor40","Male_Caff","MB","Incubator1",25,"Caffeine","Male","Wcs",NA,"dead",0,8644,"final_day_inactive",FALSE
"yjli_20230606_sleep_mutant_comparison_Monitor40_2","Sehgal","yjli",20230606,"sleep_mutant_comparison","MB","Monitor40","2_Monitor40","Male_Caff","MB","Incubator1",25,"Caffeine","Male","Wcs",NA,"alive",3940,14018,"alive",TRUE
"yjli_20230606_sleep_mutant_comparison_Monitor40_3","Sehgal","yjli",20230606,"sleep_mutant_comparison","MB","Monitor40","3_Monitor40","Male_Caff","MB","Incubator1",25,"Caffeine","Male","Wcs",NA,"alive",2366,9695,"alive",TRUE
"yjli_20230606_sleep_mutant_comparison_Monitor40_4","Sehgal","yjli",20230606,"sleep_mutant_comparison","MB","Monitor40","4_Monitor40","Male_Caff","MB","Incubator1",25,"Caffeine","Male","Wcs",NA,"alive",3618,11852,"alive",TRUE
"yjli_20230606_sleep_mutant_comparison_Monitor40_5","Sehgal","yjli",20230606,"sleep_mutant_comparison","MB","Monitor40","5_Monitor40","Male_Caff","MB","Incubator1",25,"Caffeine","Male","Wcs",NA,"alive",4868,13869,"alive",TRUE
"yjli_20230606_sleep_mutant_comparison_Monitor40_6","Sehgal","yjli",20230606,"sleep_mutant_comparison","MB","Monitor40","6_Monitor40","Male_Caff","MB","Incubator1",25,"Caffeine","Male","Wcs",NA,"dead",0,5570,"final_day_inactive",FALSE
"yjli_20230606_sleep_mutant_comparison_Monitor40_7","Sehgal","yjli",20230606,"sleep_mutant_comparison","MB","Monitor40","7_Monitor40","Male_Caff","MB","Incubator1",25,"Caffeine","Male","Wcs",NA,"alive",3766,12916,"alive",TRUE
"yjli_20230606_sleep_mutant_comparison_Monitor40_8","Sehgal","yjli",20230606,"sleep_mutant_comparison","MB","Monitor40","8_Monitor40","Male_Caff","MB","Incubator1",25,"Caffeine","Male","Wcs",NA,"dead",0,1246,"final_day_inactive",FALSE
"yjli_20230606_sleep_mutant_comparison_Monitor40_9","Sehgal","yjli",20230606,"sleep_mutant_comparison","MB","Monitor40","9_Monitor40","Male_Caff","MB","Incubator1",25,"Caffeine","Male","Wcs",NA,"alive",3162,10980,"alive",TRUE
"yjli_20230606_sleep_mutant_comparison_Monitor40_10","Sehgal","yjli",20230606,"sleep_mutant_comparison","MB","Monitor40","10_Monitor40","Male_Caff","MB","Incubator1",25,"Caffeine","Male","Wcs",NA,"alive",3951,11960,"alive",TRUE
"yjli_20230606_sleep_mutant_comparison_Monitor40_11","Sehgal","yjli",20230606,"sleep_mutant_comparison","MB","Monitor40","11_Monitor40","Male_Caff","MB","Incubator1",25,"Caffeine","Male","Wcs",NA,"alive",3998,13852,"alive",TRUE
"yjli_20230606_sleep_mutant_comparison_Monitor40_12","Sehgal","yjli",20230606,"sleep_mutant_comparison","MB","Monitor40","12_Monitor40","Male_Caff","MB","Incubator1",25,"Caffeine","Male","Wcs",NA,"dead",0,2838,"final_day_inactive",FALSE
"yjli_20230606_sleep_mutant_comparison_Monitor40_13","Sehgal","yjli",20230606,"sleep_mutant_comparison","MB","Monitor40","13_Monitor40","Male_Caff","MB","Incubator1",25,"Caffeine","Male","Wcs",NA,"alive",3769,12252,"alive",TRUE
"yjli_20230606_sleep_mutant_comparison_Monitor40_14","Sehgal","yjli",20230606,"sleep_mutant_comparison","MB","Monitor40","14_Monitor40","Male_Caff","MB","Incubator1",25,"Caffeine","Male","Wcs",NA,"dead",0,0,"completely_inactive",FALSE
"yjli_20230606_sleep_mutant_comparison_Monitor40_15","Sehgal","yjli",20230606,"sleep_mutant_comparison","MB","Monitor40","15_Monitor40","Male_Caff","MB","Incubator1",25,"Caffeine","Male","Wcs",NA,"alive",3142,14504,"alive",TRUE
"yjli_20230606_sleep_mutant_comparison_Monitor40_16","Sehgal","yjli",20230606,"sleep_mutant_comparison","MB","Monitor40","16_Monitor40","Male_Caff","MB","Incubator1",25,"Caffeine","Male","Wcs",NA,"alive",6108,18504,"alive",TRUE
"yjli_20230606_sleep_mutant_comparison_Monitor40_17","Sehgal","yjli",20230606,"sleep_mutant_comparison","MB","Monitor40","17_Monitor40","Male_Caff","MB","Incubator1",25,"Caffeine","Male","Wcs",NA,"dead",0,3287,"final_day_inactive",FALSE
"yjli_20230606_sleep_mutant_comparison_Monitor40_18","Sehgal","yjli",20230606,"sleep_mutant_comparison","MB","Monitor40","18_Monitor40","Male_Caff","MB","Incubator1",25,"Caffeine","Male","Wcs",NA,"alive",3905,13077,"alive",TRUE
"yjli_20230606_sleep_mutant_comparison_Monitor40_19","Sehgal","yjli",20230606,"sleep_mutant_comparison","MB","Monitor40","19_Monitor40","Male_Caff","MB","Incubator1",25,"Caffeine","Male","Wcs",NA,"alive",5490,16198,"alive",TRUE
"yjli_20230606_sleep_mutant_comparison_Monitor40_20","Sehgal","yjli",20230606,"sleep_mutant_comparison","MB","Monitor40","20_Monitor40","Male_Caff","MB","Incubator1",25,"Caffeine","Male","Wcs",NA,"alive",829,9456,"alive",TRUE
"yjli_20230606_sleep_mutant_comparison_Monitor40_21","Sehgal","yjli",20230606,"sleep_mutant_comparison","MB","Monitor40","21_Monitor40","Male_Caff","MB","Incubator1",25,"Caffeine","Male","Wcs",NA,"dead",0,2766,"final_day_inactive",FALSE
"yjli_20230606_sleep_mutant_comparison_Monitor40_22","Sehgal","yjli",20230606,"sleep_mutant_comparison","MB","Monitor40","22_Monitor40","Male_Caff","MB","Incubator1",25,"Caffeine","Male","Wcs",NA,"alive",2127,9020,"alive",TRUE
"yjli_20230606_sleep_mutant_comparison_Monitor40_23","Sehgal","yjli",20230606,"sleep_mutant_comparison","MB","Monitor40","23_Monitor40","Male_Caff","MB","Incubator1",25,"Caffeine","Male","Wcs",NA,"dead",0,2518,"final_day_inactive",FALSE
"yjli_20230606_sleep_mutant_comparison_Monitor40_24","Sehgal","yjli",20230606,"sleep_mutant_comparison","MB","Monitor40","24_Monitor40","Male_Caff","MB","Incubator1",25,"Caffeine","Male","Wcs",NA,"dead",0,0,"completely_inactive",FALSE
"yjli_20230606_sleep_mutant_comparison_Monitor40_25","Sehgal","yjli",20230606,"sleep_mutant_comparison","MB","Monitor40","25_Monitor40","Male_Caff","MB","Incubator1",25,"Caffeine","Male","Wcs",NA,"alive",6150,18354,"alive",TRUE
"yjli_20230606_sleep_mutant_comparison_Monitor40_26","Sehgal","yjli",20230606,"sleep_mutant_comparison","MB","Monitor40","26_Monitor40","Male_Caff","MB","Incubator1",25,"Caffeine","Male","Wcs",NA,"alive",4704,15020,"alive",TRUE
"yjli_20230606_sleep_mutant_comparison_Monitor40_27","Sehgal","yjli",20230606,"sleep_mutant_comparison","MB","Monitor40","27_Monitor40","Male_Caff","MB","Incubator1",25,"Caffeine","Male","Wcs",NA,"dead",0,7938,"final_day_inactive",FALSE
"yjli_20230606_sleep_mutant_comparison_Monitor40_28","Sehgal","yjli",20230606,"sleep_mutant_comparison","MB","Monitor40","28_Monitor40","Male_Caff","MB","Incubator1",25,"Caffeine","Male","Wcs",NA,"alive",4786,16685,"alive",TRUE
"yjli_20230606_sleep_mutant_comparison_Monitor40_29","Sehgal","yjli",20230606,"sleep_mutant_comparison","MB","Monitor40","29_Monitor40","Male_Caff","MB","Incubator1",25,"Caffeine","Male","Wcs",NA,"alive",4557,13261,"alive",TRUE
"yjli_20230606_sleep_mutant_comparison_Monitor40_30","Sehgal","yjli",20230606,"sleep_mutant_comparison","MB","Monitor40","30_Monitor40","Male_Caff","MB","Incubator1",25,"Caffeine","Male","Wcs",NA,"alive",3758,12061,"alive",TRUE
"yjli_20230606_sleep_mutant_comparison_Monitor40_31","Sehgal","yjli",20230606,"sleep_mutant_comparison","MB","Monitor40","31_Monitor40","Male_Caff","MB","Incubator1",25,"Caffeine","Male","Wcs",NA,"alive",1625,6871,"alive",TRUE
"yjli_20230606_sleep_mutant_comparison_Monitor40_32","Sehgal","yjli",20230606,"sleep_mutant_comparison","MB","Monitor40","32_Monitor40","Male_Caff","MB","Incubator1",25,"Caffeine","Male","Wcs",NA,"dead",0,0,"completely_inactive",FALSE
"yjli_20230606_sleep_mutant_comparison_Monitor41_1","Sehgal","yjli",20230606,"sleep_mutant_comparison","MB","Monitor41","1_Monitor41","Female_Caff","MB","Incubator1",25,"Caffeine","Female","Wcs",NA,"alive",4896,19350,"alive",TRUE
"yjli_20230606_sleep_mutant_comparison_Monitor41_2","Sehgal","yjli",20230606,"sleep_mutant_comparison","MB","Monitor41","2_Monitor41","Female_Caff","MB","Incubator1",25,"Caffeine","Female","Wcs",NA,"alive",4296,14205,"alive",TRUE
"yjli_20230606_sleep_mutant_comparison_Monitor41_3","Sehgal","yjli",20230606,"sleep_mutant_comparison","MB","Monitor41","3_Monitor41","Female_Caff","MB","Incubator1",25,"Caffeine","Female","Wcs",NA,"alive",7944,26742,"alive",TRUE
"yjli_20230606_sleep_mutant_comparison_Monitor41_4","Sehgal","yjli",20230606,"sleep_mutant_comparison","MB","Monitor41","4_Monitor41","Female_Caff","MB","Incubator1",25,"Caffeine","Female","Wcs",NA,"alive",1566,5610,"alive",TRUE
"yjli_20230606_sleep_mutant_comparison_Monitor41_5","Sehgal","yjli",20230606,"sleep_mutant_comparison","MB","Monitor41","5_Monitor41","Female_Caff","MB","Incubator1",25,"Caffeine","Female","Wcs",NA,"alive",5032,13298,"alive",TRUE
"yjli_20230606_sleep_mutant_comparison_Monitor41_6","Sehgal","yjli",20230606,"sleep_mutant_comparison","MB","Monitor41","6_Monitor41","Female_Caff","MB","Incubator1",25,"Caffeine","Female","Wcs",NA,"alive",4994,25844,"alive",TRUE
"yjli_20230606_sleep_mutant_comparison_Monitor41_7","Sehgal","yjli",20230606,"sleep_mutant_comparison","MB","Monitor41","7_Monitor41","Female_Caff","MB","Incubator1",25,"Caffeine","Female","Wcs",NA,"alive",6916,20068,"alive",TRUE
"yjli_20230606_sleep_mutant_comparison_Monitor41_8","Sehgal","yjli",20230606,"sleep_mutant_comparison","MB","Monitor41","8_Monitor41","Female_Caff","MB","Incubator1",25,"Caffeine","Female","Wcs",NA,"dead",0,2112,"final_day_inactive",FALSE
"yjli_20230606_sleep_mutant_comparison_Monitor41_9","Sehgal","yjli",20230606,"sleep_mutant_comparison","MB","Monitor41","9_Monitor41","Female_Caff","MB","Incubator1",25,"Caffeine","Female","Wcs",NA,"alive",7636,34390,"alive",TRUE
"yjli_20230606_sleep_mutant_comparison_Monitor41_10","Sehgal","yjli",20230606,"sleep_mutant_comparison","MB","Monitor41","10_Monitor41","Female_Caff","MB","Incubator1",25,"Caffeine","Female","Wcs",NA,"alive",6241,15903,"alive",TRUE
"yjli_20230606_sleep_mutant_comparison_Monitor41_11","Sehgal","yjli",20230606,"sleep_mutant_comparison","MB","Monitor41","11_Monitor41","Female_Caff","MB","Incubator1",25,"Caffeine","Female","Wcs",NA,"alive",3676,23488,"alive",TRUE
"yjli_20230606_sleep_mutant_comparison_Monitor41_12","Sehgal","yjli",20230606,"sleep_mutant_comparison","MB","Monitor41","12_Monitor41","Female_Caff","MB","Incubator1",25,"Caffeine","Female","Wcs",NA,"alive",6869,19233,"alive",TRUE
"yjli_20230606_sleep_mutant_comparison_Monitor41_13","Sehgal","yjli",20230606,"sleep_mutant_comparison","MB","Monitor41","13_Monitor41","Female_Caff","MB","Incubator1",25,"Caffeine","Female","Wcs",NA,"alive",6668,29510,"alive",TRUE
"yjli_20230606_sleep_mutant_comparison_Monitor41_14","Sehgal","yjli",20230606,"sleep_mutant_comparison","MB","Monitor41","14_Monitor41","Female_Caff","MB","Incubator1",25,"Caffeine","Female","Wcs",NA,"alive",3304,12874,"alive",TRUE
"yjli_20230606_sleep_mutant_comparison_Monitor41_15","Sehgal","yjli",20230606,"sleep_mutant_comparison","MB","Monitor41","15_Monitor41","Female_Caff","MB","Incubator1",25,"Caffeine","Female","Wcs",NA,"alive",1277,6888,"alive",TRUE
"yjli_20230606_sleep_mutant_comparison_Monitor41_16","Sehgal","yjli",20230606,"sleep_mutant_comparison","MB","Monitor41","16_Monitor41","Female_Caff","MB","Incubator1",25,"Caffeine","Female","Wcs",NA,"alive",3620,14458,"alive",TRUE
"yjli_20230606_sleep_mutant_comparison_Monitor41_17","Sehgal","yjli",20230606,"sleep_mutant_comparison","MB","Monitor41","17_Monitor41","Female_Caff","MB","Incubator1",25,"Caffeine","Female","Wcs",NA,"alive",632,6271,"alive",TRUE
"yjli_20230606_sleep_mutant_comparison_Monitor41_18","Sehgal","yjli",20230606,"sleep_mutant_comparison","MB","Monitor41","18_Monitor41","Female_Caff","MB","Incubator1",25,"Caffeine","Female","Wcs",NA,"alive",3256,13930,"alive",TRUE
"yjli_20230606_sleep_mutant_comparison_Monitor41_19","Sehgal","yjli",20230606,"sleep_mutant_comparison","MB","Monitor41","19_Monitor41","Female_Caff","MB","Incubator1",25,"Caffeine","Female","Wcs",NA,"alive",2979,9076,"alive",TRUE
"yjli_20230606_sleep_mutant_comparison_Monitor41_20","Sehgal","yjli",20230606,"sleep_mutant_comparison","MB","Monitor41","20_Monitor41","Female_Caff","MB","Incubator1",25,"Caffeine","Female","Wcs",NA,"alive",3928,21132,"alive",TRUE
"yjli_20230606_sleep_mutant_comparison_Monitor41_21","Sehgal","yjli",20230606,"sleep_mutant_comparison","MB","Monitor41","21_Monitor41","Female_Caff","MB","Incubator1",25,"Caffeine","Female","Wcs",NA,"alive",3980,9402,"alive",TRUE
"yjli_20230606_sleep_mutant_comparison_Monitor41_22","Sehgal","yjli",20230606,"sleep_mutant_comparison","MB","Monitor41","22_Monitor41","Female_Caff","MB","Incubator1",25,"Caffeine","Female","Wcs",NA,"alive",5614,16178,"alive",TRUE
"yjli_20230606_sleep_mutant_comparison_Monitor41_23","Sehgal","yjli",20230606,"sleep_mutant_comparison","MB","Monitor41","23_Monitor41","Female_Caff","MB","Incubator1",25,"Caffeine","Female","Wcs",NA,"alive",9141,24769,"alive",TRUE
"yjli_20230606_sleep_mutant_comparison_Monitor41_24","Sehgal","yjli",20230606,"sleep_mutant_comparison","MB","Monitor41","24_Monitor41","Female_Caff","MB","Incubator1",25,"Caffeine","Female","Wcs",NA,"alive",5565,14488,"alive",TRUE
"yjli_20230606_sleep_mutant_comparison_Monitor41_25","Sehgal","yjli",20230606,"sleep_mutant_comparison","MB","Monitor41","25_Monitor41","Female_Caff","MB","Incubator1",25,"Caffeine","Female","Wcs",NA,"alive",7102,29384,"alive",TRUE
"yjli_20230606_sleep_mutant_comparison_Monitor41_26","Sehgal","yjli",20230606,"sleep_mutant_comparison","MB","Monitor41","26_Monitor41","Female_Caff","MB","Incubator1",25,"Caffeine","Female","Wcs",NA,"alive",5490,16792,"alive",TRUE
"yjli_20230606_sleep_mutant_comparison_Monitor41_27","Sehgal","yjli",20230606,"sleep_mutant_comparison","MB","Monitor41","27_Monitor41","Female_Caff","MB","Incubator1",25,"Caffeine","Female","Wcs",NA,"alive",3818,20152,"alive",TRUE
"yjli_20230606_sleep_mutant_comparison_Monitor41_28","Sehgal","yjli",20230606,"sleep_mutant_comparison","MB","Monitor41","28_Monitor41","Female_Caff","MB","Incubator1",25,"Caffeine","Female","Wcs",NA,"alive",5892,19722,"alive",TRUE
"yjli_20230606_sleep_mutant_comparison_Monitor41_29","Sehgal","yjli",20230606,"sleep_mutant_comparison","MB","Monitor41","29_Monitor41","Female_Caff","MB","Incubator1",25,"Caffeine","Female","Wcs",NA,"alive",2600,12073,"alive",TRUE
"yjli_20230606_sleep_mutant_comparison_Monitor41_30","Sehgal","yjli",20230606,"sleep_mutant_comparison","MB","Monitor41","30_Monitor41","Female_Caff","MB","Incubator1",25,"Caffeine","Female","Wcs",NA,"alive",2408,6835,"alive",TRUE
"yjli_20230606_sleep_mutant_comparison_Monitor41_31","Sehgal","yjli",20230606,"sleep_mutant_comparison","MB","Monitor41","31_Monitor41","Female_Caff","MB","Incubator1",25,"Caffeine","Female","Wcs",NA,"alive",5994,21939,"alive",TRUE
"yjli_20230606_sleep_mutant_comparison_Monitor41_32","Sehgal","yjli",20230606,"sleep_mutant_comparison","MB","Monitor41","32_Monitor41","Female_Caff","MB","Incubator1",25,"Caffeine","Female","Wcs",NA,"alive",8558,24341,"alive",TRUE
